[
    {
        "id": "carhartt",
        "name": "Carhartt",
        "country": "Carhartt",
        "description": "Carhartt has the traditional model of selling through wholesalers.  With great products and a strong brand, Carhartt has the potential for strong growth as a leading retailer.",
        "decisiontask": "The challenge is to connect every customer with the products they are looking for, because the firm is a step removed from the end customer.  When growth was ahead of expectations, it took the firm too long to serve its wholesale customers and that trickled down to the end customers.  This exposed a replenishment problem that had to be solved.  In the past, the firm relied heavily on a spreadsheet-based approach to determine how the digital merchandising strategies were performing.  Due to so many different systems used to collect the data, it took at least a full working week to build the reports.  Creating a granular view of one of the categories could take even longer.\n\nThe real task is making decisions and taking actions at the people and process level from suppliers to sales channels with data signaling to guide it.  In the world of fashion, trends can surge up and subside in a matter of days.  It can take a week to identify that trend missing out on a significant opportunity.  To help the firm get in front of fast-changing customer preferences, Carhartt needed to accelerate and enhance the analytics processes to achieve broader transformation, affecting all the downstream processes related to replenishment decisions. ",
        "aisolution": "To realize its goals, Carhartt adopted an AI powered solution that delivered real-time information on business performance to merchandisers and marketers using IBM WebSphere® Commerce platform with IBM Watson Commerce Insight.  Carhartt had integrated IBM Watson Commerce Insights with data from its ERP, planning and e-commerce platforms.  The firm used IBM Watson AI technology to build algorithms that consider a huge range of factors from economic indicators to weather, even down to micro factors like changing retail store footprints and automatically generate demand forecasts at the SKU level.  For replenishment optimization, the firm achieved the speed of turning insight into action through the intersection of AI and robotic process automation (RPA).  The firm automated the process of the replenishment orders to giving its wholesale customers the same level of service as the direct-to-customer sales.\n\nWatson Commerce Insights brings tremendous change to the way Carhartt works particularly for the merchandising teams.  Instead of spending a long time pulling in data from multiple different systems to identify changes in product demand, AI-driven systems provide a single analytics hub that contains all the information needed with the customization capability for each team member.  The analytics hub provides information regarding which of the strategies are working and which strategies are not working.  The AI-driven integrated solution delivers insights in a proactive way allowing the firm to make necessary adjustment for lift conversion and to respond quickly and confidently to the trend of sales decline.",
        "aiapplication": "With an AI platform constantly monitoring its business data for emerging trends, Carhartt can act faster than ever to capitalize on new opportunities.  The firm can quickly identify the source of a surge in website traffic and quickly adapt marketing and merchandising strategies.  By taking timely actions like making the in-demand product on the homepage and purchasing related search terms, the firm can make it easy for customers to buy leading to increased revenues.  The firm is harnessing AI to help accelerate its decision-making at times when every hour counts to making well-informed merchandising decisions.  Using the solution’s intelligent sequencing capability, the firm designed rules to automatically move products that are trending to the top of their page and reposition products where inventory is running low further down their page saving valuable time that the firm can spend on deeper analytics.  The firm achieved record-breaking conversion rates during the holiday period, and IBM Watson Commerce Insights played a key role in that success.  Deeper insight into inventory is helping Carhartt to deliver better experiences to its customers.  With a range of separate analytics systems throughout the business having AI capabilities, the firm can learn what our customers want and find the best way to offer it to them. ",
        "industry": 4,
        "urlVideo": "https://cdnapisec.kaltura.com//p/1773841/sp/177384100/embedIframeJs/uiconf_id/40084712/partner_id/1773841?iframeembed=true&playerId=kaltura_player&entry_id=1_njxgh8lc&widget_id=1_6t73uw7i",
        "imageCredit": "None",
        "price": 3,
        "size": 3,
        "snowDepth": 1,
        "elevation": 1,
        "runs": 1,
        "highlights": [
            "Human-Resources",
            "Training",
            "Culture",
            "Headquarters",
            "Eco-friendly"
        ]
    },
    {
        "id": "walkme",
        "name": "WalkMe",
        "country": "WalkMe",
        "description": "WalkMe has a broad target market, expanding across multiple verticals and companies, including small, medium and enterprise firms.  ",
        "decisiontask": "The firm’s buyer personas vary widely posing many problems in terms of sales and marketing.  The significant challenge for WalkMe is evaluating lead conversion potential for a highly varied leads as well as the different perception of a quality of lead between the sales and marketing teams.  The variety of leads has different prospect business sizes.  In addition, a long business-to-business (B2B) sales cycle presented a problem of measuring and optimizing marketing and advertising campaigns in real time.  The firm needed to find an effective way of lead prioritization that is acceptable for both its marketing and sales teams.",
        "aisolution": "WalkMe developed an AI-driven predictive scoring model integrating the firm’s Salesforce CRM to provide “fit scores” to each lead.  The scoring model calculated the fit scores based on several factors such as the lead company’s firm data (industry, revenue, employee count, job openings, etc.), technology related factors (technologies the target companies were using), web and social presence, technology vendors, patents, trademarks, and more.  The model provides different score calculations and rules for the varied clients.  The model categorizes the inbound leads in decreasing order of conversion potential.  WalkMe can use this information to optimize its advertising bidding around keywords that drive the highest scoring leads.",
        "aiapplication": "Using the system, WalkMe targeted about 2,000 top leads out of the total 78,700 leads with 318 leads conversion, bringing in total revenue of $10.3 million.  The top 39% of infer-scored leads contributed to 79% of the firm’s “won” revenue.  In addition, WalkMe had a 2x increase in meetings scheduled.",
        "industry": 4,
        "urlVideo": "https://cdnapisec.kaltura.com//p/1773841/sp/177384100/embedIframeJs/uiconf_id/40084712/partner_id/1773841?iframeembed=true&playerId=kaltura_player&entry_id=1_bc9wbyo1&widget_id=1_ve8wl96a",
        "imageCredit": "Ben Koorengevel",
        "price": 3,
        "size": 3,
        "snowDepth": 155,
        "elevation": 3230,
        "runs": 335,
        "highlights": [
            "Human-Resources",
            "Training",
            "Culture",
            "Headquarters",
            "Eco-friendly"
        ]
    }
]
