{
    "items": [{
        "id":21,
        "name":"Chocolate Macadamia Tart",
        "description":"Chocolate Cream with macadamias topped with wipped cream and locally sourced chocolate shavings",
        "price": 8.95
    },
    {
        "id":22,
        "name":"Strawberry Cheesecake",
        "description":"A classic cheesecake with Strawberries",
        "price": 7.95
    },
    {   "id":23,
        "name":"Tiramisu",
        "description":"Mascarpone cheese between layers of 100% Kona espresso ladyfingers, topped with locally sourced chocolate",
        "price": 8.95
    },
    {   "id":24,
        "name":"Deep Dish Cookie",
        "description":"Deep dish cookie baked in our pizza oven to order then topped with your choice of ice cream",
        "price": 7.95
    },
    {   "id":25,
        "name":"Deconstructed Mochi Sundae",
        "description":"Hot fudge and vanilla ice cream over a squre of butter mochi",
        "price": 8.95
    },
    {   "id":26,
        "name":"Coconut Key Lime Pie",
        "description":"Key lime pie with coconut on a macadamia nut crust with coconut flakes",
        "price": 10.95
    },
    {   "id":27,
        "name":"Pecan Pie",
        "description":"The classic Mainland pie with choice of ice cream",
        "price": 9.95
    },
    {   "id":28,
        "name":"Cookie sandwich",
        "description":"Your choice of ice cream between two of our chocolate chip cookies",
        "price": 8.95
    }

    ]
}
