{
    "items": [{
        "id":0,
        "name":"Margherita",
        "description":"The classic pizza of Buffalo Mozzarella, tomatoes, and basil on a classic crust.",
        "price": 12.00
    },
    {
        "id":1,
        "name": "Huli Chicken",
        "description": "Our original Hawaiian street food pizza, with huli huli chicken, onions, ginger, crushed macadamia nuts, tomato sauce and cheese on a classic crust.",
        "price": 14.00
    },
    {
        "id":2,
        "name": "Quattro Formaggi",
        "description": "A blend of Asiago Parmesan buffalo mozzarella and Gorgonzola on a thin crust.",
        "price": 13.00
    },
    {
        "id":3,
        "name": "Longboard",
        "description": "A very long flatbread for vegetarians and vegans, made with olive oil, mushrooms, garlic, fresh ginger, and macadamias, sweetened with lilikoi.",
        "price": 15.00
    },
    {
        "id":4,
        "name": "The Big Island",
        "description": "A meaty calzone exploding like a volcano. Beef and pork combined with vegetables, pineapple, and a special \"lava sauce\" leaking out the top crater. Definitely share this one.",
        "price": 17.00
    },
    {
        "id":5,
        "name": "Pepperoni",
        "description": "The New York classic version. A thin crust with pizza sauce, cheese, and pepperoni.",
        "price": 10.00
    },
    {
        "id":6,
        "name": "Chicago Deep Dish",
        "description": "The classic deep dish cheese pizza. 2 inch thick and filled with sauce and cheese. ",
        "price": 17.0
    },
    {
        "id":7,
        "name": "Meat Lovers",
        "description": "A deep dish for the carnivore. Sausage and pepperoni in the classic Chicago deep dish.",
        "price": 20.00
    },
    {
        "id":8,
        "name": "BBQ Chicken",
        "description": "Grilled chicken with barbecue sauce, red onions, and peppers.",
        "price": 14.00
    },
    {
        "id":9,
        "name": "Hawaiian",
        "description": "It may be from the mainland, but we make it our own. Pineapple, SPAM, cheese, onions, bean sprouts, and tomato sauce on a thin crust.",
        "price": 14.00
    }
    ]
}
