[
    {
        "id": "dollar-tea-club",
        "name": "Dollar Tea Club",
        "country": "Dollar-Tea-Club",
        "description": "Dollar Tea Club is a small, subscription-based business headquartered in Toronto, Ontario.",
        "decisiontask": "The firm offers low-cost tea subscription services that allow subscribers to sample a wide range of tea blends delivered to their home monthly without a contract.  As the firm considers the ongoing satisfaction of its subscriber base as critical for the firm’s success, Dollar Tea Club puts quality customer service as the top priority.  Most of the firm’s customers contact Dollar Tea Club through email that is the main touch point of the firm.  Anytime of the day the firm receives the emails containing similar questions regarding such topics as subscription plans, delivery coverage or brewing times.  As the firm is overwhelmed with reoccurring customer questions delivered by email, Dollar Tea Club wants to provide consumers with the information they seek without needing to leave the company website.  The firm wants to find ways to communicate with subscribers more efficiently, resolving issues and answering questions before the user had even left the website instead of copying and pasting the same answer into several emails.",
        "aisolution": "Dollar Tea Club developed and launched a web-based chatbot, powered by IBM® Watson® Assistant technology, to handle common customer questions.  Dollar Tea Club uses IBM Watson technology to develop a web-based chatbot that can answer consumer questions directly and provide context-sensitive product recommendations.  Visitors to the firm’s website can interact with “Teabot”.  Through a natural language interface, users can ask the chatbot about delivery timelines, obtain tea recommendations for specific events, and even have the chatbot tell them a tea-themed joke.  Teabot also provides a tea suggestion based on the customer’s preferences and answer user-specific questions in real-time.",
        "aiapplication": "Using the AI based solution Teabot, most consumers of Dollar Tea Club can obtain immediate answers to many questions and receive tea recommendations leading to improved user experience and higher revenue.  Almost 80 percent of the firm’s email inquiries are now instantly answered online with Teabot.  Watson also helps bring the firm more revenue by keeping customers browsing the website instead of waiting for emailed responses.  Since launching Teabot, Dollar Tea Club has realized an increase in its e-commerce conversion rates from 3.09 percent to 4.17 percent.  Teabot generates 1.08% boost in e-commerce conversion rates yielding higher revenues by keeping customers on the website.  The AI driven solution allow the firm to save 1-2 hours daily in processing consumer emails.",
        "industry": 4,
        "urlVideo": "https://cdnapisec.kaltura.com//p/1773841/sp/177384100/embedIframeJs/uiconf_id/40084712/partner_id/1773841?iframeembed=true&playerId=kaltura_player&entry_id=1_njxgh8lc&widget_id=1_6t73uw7i",
        "imageCredit": "None",
        "price": 3,
        "size": 3,
        "snowDepth": 1,
        "elevation": 1,
        "runs": 1,
        "highlights": [
            "Human-Resources",
            "Training",
            "Culture",
            "Headquarters",
            "Eco-friendly"
        ]
    }
]
