[
        {
            "id": "2-0-text",
            "name": "2 Text Mining Analytics Generation",
            "country": "Analytics",
            "description": "With the identified analytic task and analytic questions, managers need to select the right analytic tool from the toolbox.  Text analytics called text mining is used for processing the unstructured text data.  These text analytic tools exist in the form of commercial analytic software, freeware, or AI firms such as IBM Watson or Google Analytics.  Regardless of the software selection, the appropriate text analytic steps are required.  The selection of the appropriate text analytic steps depends on the analytic objectives and analytic questions developed by managers.  Text analytics is turning unstructured text data into actual information.  Text analytics covers information retrieval and extractions as well as data and web mining and supported by two primary technologies of Natural Language Processing (NLP) and machine learning using artificial intelligence (AI) system.  Natural language processing builds on artificial intelligence (AI) and computational linguistics.  It focuses on transforming the natural human language into more formal form of numeric and symbolic data for analysis.  Its objective is to understand and process natural language considering both grammatical semantics and the context.  NLP can perform many different tasks that include question answering, natural language generation and understanding speech recognition.  NLP enables generation of formalized data that can be used by data mining tools for knowledge discovery.  The formalized data can be used for information extraction, topic tracking, categorization, and clustering.\n\nIn order to use text analytics, managers need to follow several steps.  The steps are presented in Figure 11 1.",
            "decisiontask": "",
            "aisolution": "",
            "aiapplication": "",
            "industry": 4,
            "urlVideo": "https://youtube.com/watch?v=T_aFqEmL5JI&t=1s&rel=0&autoplay=1",
            "imageCredit": "None",
            "price": 3,
            "size": 3,
            "snowDepth": 1,
            "elevation": 1,
            "runs": 1,
            "highlights": [
                "Human-Resources",
                "Training",
                "Culture",
                "Headquarters",
                "Eco-friendly"
            ]
        },
        {
            "id": "2-1-text",
            "name": "2.1 Text Analytics Approaches",
            "country": "Austria",
            "description": "With the identified analytic task and analytic questions, managers need to select the right analytic tool from the toolbox.  Text analytics called text mining is used for processing the unstructured text data.  These text analytic tools exist in the form of commercial analytic software, freeware, or AI firms such as IBM Watson or Google Analytics.  Regardless of the software selection, the appropriate text analytic steps are required.  The selection of the appropriate text analytic steps depends on the analytic objectives and analytic questions developed by managers.  Text analytics is turning unstructured text data into actual information.  Text analytics covers information retrieval and extractions as well as data and web mining and supported by two primary technologies of Natural Language Processing (NLP) and machine learning using artificial intelligence (AI) system.  Natural language processing builds on artificial intelligence (AI) and computational linguistics.  It focuses on transforming the natural human language into more formal form of numeric and symbolic data for analysis.  Its objective is to understand and process natural language considering both grammatical semantics and the context.  NLP can perform many different tasks that include question answering, natural language generation and understanding speech recognition.  NLP enables generation of formalized data that can be used by data mining tools for knowledge discovery.  The formalized data can be used for information extraction, topic tracking, categorization, and clustering.\n\nIn order to use text analytics, managers need to follow several steps.  The steps are presented in Figure 11 1.",
            "decisiontask": "",
            "aisolution": "",
            "aiapplication": "",
            "industry": 4,
            "urlVideo": "https://youtube.com/watch?v=T_aFqEmL5JI&t=1s&rel=0&autoplay=1",
            "imageCredit": "None",
            "price": 3,
            "size": 3,
            "snowDepth": 1,
            "elevation": 1,
            "runs": 1,
            "highlights": [
                "Human-Resources",
                "Training",
                "Culture",
                "Headquarters",
                "Eco-friendly"
            ]
        },
    {
        "id": "2-2-customer",
        "name": "2.2 Customer Feedback Categorization and Topic Modeling",
        "country": "France",
        "description": "In categorizing customer feedback, managers need to take the word-count approach.  With pre-processing, the structured data matrix can be generated.  They are Term-by Document Matrices (TDM) and Term Frequency-Inverse Document Frequency (TF-IDF) matrix.  Term-by Document matrix is the data matrix with tokens (terms) in the column headers and rows of presence or absence (0 or 1) or frequency (1, 2, ..., etc.).  Table 11 1 shows a TDM with presence or absence and Table 11 2 shows a TDM with term frequency.  TF-IDF is the data matrix with tokens (terms) in the column headers and rows of TF x IDF values.  TF is the number of times the term appears in a document.  IDF is the log of the inverse of the frequency with which documents have that term.  In the TF-IDF matrix, documents that have frequent occurrences of rare terms will show high values.  Occurrences of terms that are absent from most documents or present in most documents are regarded as less important and given little value.",
        "decisiontask": "",
        "aisolution": "",
        "aiapplication": "",
        "industry": 4,
        "urlVideo": "",
        "imageCredit": "None",
        "price": 3,
        "size": 3,
        "snowDepth": 1,
        "elevation": 1,
        "runs": 1,
        "highlights": [
            "Human-Resources",
            "Training",
            "Culture",
            "Headquarters",
            "Eco-friendly"
        ]
    },
    {
        "id": "2-3-sentiment",
        "name": "2.3 Sentiment Analysis ",
        "country": "United States",
        "description": "Sentiment analysis is performed when managers have analytic question of what do customers feel about our product or service.  Other analytic questions are related to understanding customer complaints and praises, knowing what customers say about our firm and competitors, customers’ posts on social media, their opinion about e-commerce sites and digital advertising, etc.  Sentiment analysis can provide analytic solutions by assessing favorable and unfavorable feelings or opinions toward specific products or services.  With increased textual data sources of customer feedback, text analytics become a critical business analytics tool for marketers.  The textual data sources include web posting, call center scripts, tweets, and blog posts.\n\nSentiment analysis involves identifying positive and negative classes, strength of opinion, and level of polarity.  This sentiment classification focused on sentiment toward products, services, brands, and firms.  Sentiment expressed in customer feedback text can be either explicit or implicit.  Explicit sentiment is an opinion expressed directly while implicit sentiment is when the text implies an opinion.\n\nAfter the text editing and pre-processing, the customer feedback documents need to be evaluated whether the documents contain opinions rather than facts.  This evaluation of text objectivity leads to numerical value called objectivity-subjectivity polarity that ranges from 0 to 1 where the value close to 1 is considered as objective meaning facts.  In this case, no sentiment analysis is needed for the particular customer feedback document.  Then, the analysis proceeds to the next document.  Only non-fact opinion containing documents are subjected to sentiment analysis.\n\nWith opinion containing documents, sentiment analysis is performed to classify opinions as positive or negative.  The sentiment polarity can be viewed as a binary or a positive on the continuum between two positive and negative polarities.  In addition to polarity classification, managers would be interested in the strength of the sentiment.  The most important task in sentiment analysis is identifying polarity of a text.  Polarity identification can be done using two dominant methods of using a lexicon as a reference library and using a collection of training documents as a source of domain specific term polarity.  One method is using a lexicon.  A lexicon is the catalog of words, their synonyms, and meanings for a given language.  There exist general purpose lexicons such as WordNet and a variety of special lexicons.  The other method is using a collection of training documents.  This method utilizes existing document resources such as Amazon, IBM Watson, Rotten Tomatoes, etc. developed using statistical analysis and AI driven machine learning tools.  Managers can use a variety of predictive modeling and machine-learning algorithms to evaluate the customer feedback documents or other new documents for their negative-positive polarity and strength of opinions.",
        "decisiontask": "",
        "aisolution": "",
        "aiapplication": "",
        "industry": 4,
        "urlVideo": "https://youtube.com/watch?v=T_aFqEmL5JI&t=1s&rel=0&autoplay=1",
        "imageCredit": "None",
        "price": 3,
        "size": 3,
        "snowDepth": 1,
        "elevation": 1,
        "runs": 1,
        "highlights": [
            "Human-Resources",
            "Training",
            "Culture",
            "Headquarters",
            "Eco-friendly"
        ]
    }
]
