[
    {
        "id": "honda",
        "name": "Honda",
        "country": "Honda",
        "description": "As automobiles are becoming a multi-faceted combination of mechanical parts, electronics and in-vehicle software, Honda R&D must continuously adapt their development processes to handle these complexities.",
        "decisiontask": "As many design problems actually occur early in the development process and are known to the development team only in the latter stages, Honda performs many reworks at the end phase of automobile design.  The task for Honda is to improve the precision of the conceptual design phase to minimize revisions later.  Honda wanted to find out what its designers’ major pain points were and how they hoped to change automotive development.  When design problems arise, the firm documents those issues.  However, the forms are managed in an unstructured data format, with descriptions of problems written by different individuals.  These unstructured documentations are hard to analyze systematically.",
        "aisolution": "Honda built a machine learning model using IBM Watson and IBM SPSS Modeler software to analyze the unstructured data in the countermeasure request forms.  The firm used IBM Watson Discovery and IBM Watson Assistant to analyze the text-based development documents and to create the chatbot prototype.\n\nHonda created a chatbot user interface where Honda designers could set up appropriate tags to classify problems and search on them.  This search capability could help identify past issues to reduce some of the design reworks the team currently encounters.",
        "aiapplication": "The AI system solutions and AI models can recognize and classify the firm’s documents and give them appropriative tags.  Because AI learns from experience, the system will grow up like an expert engineer and engineers can ask it for whatever information and knowledge that is needed.  Honda R&D revolutionized automobile development using IBM Watson.",
        "industry": 4,
        "urlVideo": "https://cdnapisec.kaltura.com//p/1773841/sp/177384100/embedIframeJs/uiconf_id/40084712/partner_id/1773841?iframeembed=true&playerId=kaltura_player&entry_id=1_njxgh8lc&widget_id=1_6t73uw7i",
        "imageCredit": "None",
        "price": 3,
        "size": 3,
        "snowDepth": 1,
        "elevation": 1,
        "runs": 1,
        "highlights": [
            "Human-Resources",
            "Training",
            "Culture",
            "Headquarters",
            "Eco-friendly"
        ]
    },
    {
        "id": "jori",
        "name": "JORI",
        "country": "JORI",
        "description": "JORI deals with a new generation of consumers who have grown up with the Internet.  The firm used to present customers with a static physical or online catalog with pictures and descriptions.  As the furniture-buying experience is constantly changing, the best catalogs and the most fully stocked showrooms are not sufficient enough to keep up with the growing and changing expectations of digitally-native consumers. ",
        "decisiontask": "The new generation consumers are used to viewing products online before they go into a shop to buy.  Even with this rise in online shopping, consumers still want to see and try out new furniture before their purchase.  They also want to personalize and customize furniture to their own unique tastes.  JORI offers furniture collection with the customization ability to mix and match components.  However, customers find it increasingly difficult to understand all the possible options for a piece of furniture, and what the final design would look like.  The sheer volume of customization options can overwhelm both shoppers and salespeople.  JORI has created a way to provide the best shopping experience and merge it with a personalized design encounter.",
        "aisolution": "JORI decided to create an online 3D configurator to allow consumers and salespeople alike to build, visualize and customize 3D models of furniture.  The firm worked with IBM Business Partner CD-Invest and IBM to build a 3D object database.  JORI also plans to start using IBM Watson AI technology to help consumers personalize their furniture even further.  The firm is creating a solution where the customer can submit a photo of a fabric they like and Watson can cross reference it with the firm’s system to find something similar.  The system uses existing business rules to guarantee that the output will be comfortable, attractive and technically possible to manufacture.  Customers can use the solution online or in store to access the full range of customization options and visualize exactly how their finished items will look.",
        "aiapplication": "The system allows in-store sales advisors to create the perfect item for a customer with accurate pricing no matter how complex the chosen options and speeds up the order-to-delivery timetable.  The new system can reduce production and wait times by around 50 percent.  In addition to increased customer satisfaction and reduced production and wait time, the new system enables JORI to design new products and gauge their market appeal without the delay and cost of physical prototyping.  The new system reduces the firm’s time-to-market resulting in more than 80 percent reduction in production time.",
        "industry": 4,
        "urlVideo": "https://cdnapisec.kaltura.com//p/1773841/sp/177384100/embedIframeJs/uiconf_id/40084712/partner_id/1773841?iframeembed=true&playerId=kaltura_player&entry_id=1_bc9wbyo1&widget_id=1_ve8wl96a",
        "imageCredit": "Ben Koorengevel",
        "price": 3,
        "size": 3,
        "snowDepth": 155,
        "elevation": 3230,
        "runs": 335,
        "highlights": [
            "Human-Resources",
            "Training",
            "Culture",
            "Headquarters",
            "Eco-friendly"
        ]
    }
]
