[
    {
        "id": "nzn-trends",
        "name": "NZN Trends",
        "country": "NZN-Trends",
        "description": "Every content creator wonders what to write about next. In the past, the editor-in-chief usually decided. But today, data can be more important than one person’s opinion.\n\nThat’s why NZN, a content services provider in Brazil, worked to develop a way to apply AI analytics to the problem.  Now, content creators have the intelligence to understand which subjects matter most to their audience at any given moment.",
        "decisiontask": "For close to 20 years, NZN Trends has published special-interest websites.  They are quite popular.  Some 25 million people, or 20 percent of Brazil’s online users, visit them each month.  Still, NZN Trends is transforming from Internet publishing into a provider of content production services.  Instead of just taking advertising, NZN Trends aims to empower businesses to create professional-quality content of their own.\n\nWhy the change?  Advertising offerings from major platforms like Google and Facebook have increased so much recently that the business model for other publishers is less sustainable.  When ad revenues began to drop, NZN Trends sought to keep helping brands reach their customers, to help them find their own digital voices.  Software as a service can boost revenues.  Our new approach involves productizing the content production framework and offering it “as a service” for businesses to purchase.",
        "aisolution": "NZN Trends developed and introduced two AI-powered services that are built on text AI’s text mining algorithm.  The two AI-powered services can help businesses create content that people want to see.  The first service takes advantage of the AI power of textual analysis.  The first service, NZN Trends, provides answers to the question of what NZN Trends should write about next for content creators.  Content creators can determine what to write based on AI technology rather than the chief editor’s opinions.  NZN Trends applies IBM Watson technology from IBM Cloud to collect content from public sources such as Google Trends, YouTube, Facebook, and Twitter, and analyzes it for keywords that the firm monitors.  Then, Watson analyzes each keyword for whether it’s trending up or down and lists the main subjects written about it.  These results are displayed on a dashboard updated every 15 minutes and viewed by writers and videographers who develop contents.  The insights help them understand which topics matter most to their audience at that moment./n/nThe second new service relies on Watson’s ability to analyze unstructured text and helps content creators understand how Google will rank their content.  Integrated into the content management system, the new ‘microservice’ measures the density of important keywords and offers tips for improvement for search engine optimization (SEO).  It also checks to see whether each keyword could be replaced by one higher ranked.  This happens in real time as the copywriter creates the content.  As content creators are expert on particular subjects but not on SEO, the keyword tips generated from AI powered text analytics help them learn as they write.",
        "aiapplication": "NZN Trends generates all its revenue growth from the AI powered services.  These and similar services are helping NZN Trends transform into a content services provider.  As the firm continues the transformation, it learned about IBM technologies in the IBM Garage as well as more about NZN Trends’ own technology and core products.",
        "industry": 4,
        "urlVideo": "https://cdnapisec.kaltura.com//p/1773841/sp/177384100/embedIframeJs/uiconf_id/40084712/partner_id/1773841?iframeembed=true&playerId=kaltura_player&entry_id=1_njxgh8lc&widget_id=1_6t73uw7i",
        "imageCredit": "None",
        "price": 3,
        "size": 3,
        "snowDepth": 1,
        "elevation": 1,
        "runs": 1,
        "highlights": [
            "Human-Resources",
            "Training",
            "Culture",
            "Headquarters",
            "Eco-friendly"
        ]
    },
    {
        "id": "cognitiveCX",
        "name": "cognitiveCX",
        "country": "cognitiveCX",
        "description": "When we started working with the Watson technology we were able to understand this huge corpus of text, whether it comes from social media, news reports, product reviews or call logs. All of a sudden we sort of had an x-ray across all of our customer data.\n\n--- Nicholas Therkelsen-Terry, CEO, cognitiveCX.",
        "decisiontask": "The firm cognitiveCX wants to find out what customers think about its products and services so it can improve the overall customer experience (CX).  CognitiveCX mines data from social media, conducts focus groups and surveys, and collects feedback from customer service reps.  It is expected that all this information can reveal what customers are thinking and feeling.  However, cognitiveCX cannot understand why customers feel the way they do.  Their response may be another round of focus groups or surveys to gather even more data.  In the meantime, firms continue to miss the mark with its customers because they still have not solved the reason why they feel that way.\n\nAt cognitiveCX, managers believe that the why exists in data that it already has.  The firm has all the unstructured data collected from call center logs, focus groups and surveys, and comments made in emails, letters or on social media.  The text data are untapped and contain the real customer insight.  With the unstructured data, customers express their emotions and sentiment about a company, its products or services and its employees.  Although the firm recognizes the importance and value of these data, the firm cannot generate the appropriate analytics from the unstructured data and can generate any meaningful insights in a timely manner.  The firm didn’t have the capacity to analyze the kinds of data volumes it accumulates from various sources and those volumes continue to grow.",
        "aisolution": "Applying natural language processing and AI technology to the data has changed the decision task and offers a new direction for customer insights.  AI allows the firm to understand the why behind their data at scale and provide information about customer sentiment, nuance and context.  Using the IBM Watson Knowledge Studio application, cognitiveCX annotates and trains Watson on domain-specific documentation and then uses the IBM Watson Natural Language Understanding (NLU) application programming interface (API) to interrogate unstructured text on an entity-by-entity basis for tone, intent, sentiment, service area and contextual details.  The firm launched an AI-driven customer experience (CX) analytics service as a platform-as-a-service (PaaS) offering that uses the IBM Watson Discovery Service solution hosted on the IBM Cloud. ",
        "aiapplication": "The firm can get amazing insights by applying AI to the clients’ data.  With Watson powering the cognitiveCX solution, marketing managers can look at everything – millions, maybe billions of documents, calls, posts, news articles available in big data.  The firm does not need to sample 1,000 social media posts out of hundreds of thousands, or 100 people surveyed in focus groups.  CognitiveCX can evaluate every relevant customer comment about a product.\n\nWith AI powered text mining algorithm, the firm can analyze huge amount of data and generate relevant analytics.  Watson Natural Language Classifier can filter out posts that are irrelevant to the conversation, such as company posts that are just really advertisements.  And it allows the firm to focus entirely on actual customer responses and social sentiment to find out the reason for customers’ response.  For example, this firm conducted an analysis for a government body in Australia that was considering whether to expand bike lanes and paths in an urban area.  The analysis on citizen feedback collected through surveys and other traditional shows high levels of anger and frustration concerning cycling.  The AI driven sentiment analysis reveals that the negative sentiment is expressed by pedestrians who used the shared walking and cycling paths not by frustrated cyclists.  The negativity is due to the cyclists’ disregard for traffic rules and speed limits.  Clearly, the problem wasn’t a lack of bike paths.  This insight cannot be obtained from typical sentiment analysis of the firm’s big data.  Applying AI with smart language filters to the same data can identify the root cause of the negativity and provide the relevant insight for resolving the decision task.  AI can allow marketing managers extract key insights to deliver meaningful value from unstructured data stored in a firm’s big data.",
        "industry": 4,
        "urlVideo": "https://cdnapisec.kaltura.com//p/1773841/sp/177384100/embedIframeJs/uiconf_id/40084712/partner_id/1773841?iframeembed=true&playerId=kaltura_player&entry_id=1_bc9wbyo1&widget_id=1_ve8wl96a",
        "imageCredit": "Ben Koorengevel",
        "price": 3,
        "size": 3,
        "snowDepth": 155,
        "elevation": 3230,
        "runs": 335,
        "highlights": [
            "Human-Resources",
            "Training",
            "Culture",
            "Headquarters",
            "Eco-friendly"
        ]
    }
]
