[
    {
        "id": "behr",
        "name": "BEHR",
        "country": "BEHR",
        "description": "BEHR Paint Company offers more than 3,000 colors in its paint collection.  As a leader in the do-it-yourself (DIY) market, the firm experiences the DIY consumer paint segment decline over the past 10 years, while the professional painters or “do-it-for-me” segment has been growing.  ",
        "decisiontask": "BEHR Paint believes that this decline is due to the fact that consumers often get confused when it comes to picking the right color for their project.  The DIY consumers are overwhelmed with choice, causing a kind of analysis paralysis and do not take on or complete a painting project because of their struggle to choose a color.  BEHR Paint wants to provide consumers the customized service and specific answers uniquely geared to their needs by developing a personalized tool discovering the right color.  BEHR Paint developed a Color Discovery tool which was very effective in helping people choose a paint color through the website.  The tool used a series of questions and a chatbot format to narrow down a customer’s choice to a set of three colors specifically selected for what they wanted to accomplish.  However, the firm does not have scale to reach its target audience.  The BEHR paint’s analytic task for its marketing managers is find new and innovative ways to reach people with personalized recommendations based on their needs and what they want to accomplish.",
        "aisolution": "Behr Paint came to IBM Watson Advertising looking to reach and engage consumers on a 1:1 level with personal recommendations that make their interior paint color selection process easier.  Since the process of selecting paint colors is a personal experience, IBM Watson Ads provided a perfect way for BEHR to offer personalized paint color recommendations at scale, helping to take the indecision out of the interior painting process.  IBM Watson Ads engaged in real-time conversations, allowing consumers to interact with BEHR in a brand-new way, via dynamic ads on weather.com, The Weather Channel app, and across other lifestyle sites.\n\nIBM Watson Advertising and Behr launched the first AI powered IBM Watson Ads campaign for the retail industry, showcasing BEHR’s top-of-the-category benefits, and helping increase brand favorability and purchase intent.  Using IBM Watson's Natural Language Processing and Tone Analyzer capabilities, BEHR’s proprietary consumer research, plus extensive training on BEHR colors, IBM Watson Ads engaged in real-time, 1:1 dialogue with consumers, and delivered a unique paint color recommendation for each user.  BEHR replicated its tool and innovated on top of it using AI and the IBM Watson platform.  The AI driven tool is believed to be more robust, personalized, reaching a broader range of consumers in the firm’s target audience.",
        "aiapplication": "With the AI driven solution of Watson Ads in The Weather Channel app, BEHR can contain all interactions with the tool right in the app instead of placing a banner or display ad driving consumers to the firm’s website.  BEHR believes that Watson Ads delivers greater insights and drives store traffic.  BEHR sees 17% lift in purchase consideration across target demo with IBM Watson Ads.  With IBM Watson Ads, BEHR exceeded brand benchmarks and helped consumers find their own personalized paint color recommendation through 15K 1:1 conversations with consumers.  The AI driven solution produced 45 seconds average time spent within the IBM Watson Ads unit per session, 17% increase in purchase consideration for BEHR among their target audience, and 8.5% incremental lift in foot traffic to BEHR exclusive retailer locations.\n\nSince IBM Watson Ads act as mini focus groups, providing real-time audience and customer insights, BEHR learned that consumers were more interested in quiet, relaxed tones versus bold colors, and color choices that would help them create rooms that felt tranquil, traditional, and timeless.  BEHR can leverage these finding to improve their ongoing product and marketing strategy. BEHR can get a lot more insight from the tool in addition to a much broader reach.  By adding more questions than the firm previously had on its website, BEHR can collect more data and generate patterns in consumer interaction with the app.  BEHR used these insights in improving the app and to understand what consumers are looking for in paint colors and choices.\n\nAfter consumers purchased and used BEHR paint, they provided the firm with online product reviews and shared their finished work on the firm’s site and on social media creating the feedback loop influencing other consumers who want to take on similar projects.",
        "industry": 4,
        "urlVideo": "https://cdnapisec.kaltura.com//p/1773841/sp/177384100/embedIframeJs/uiconf_id/40084712/partner_id/1773841?iframeembed=true&playerId=kaltura_player&entry_id=1_njxgh8lc&widget_id=1_6t73uw7i",
        "imageCredit": "None",
        "price": 3,
        "size": 3,
        "snowDepth": 1,
        "elevation": 1,
        "runs": 1,
        "highlights": [
            "Human-Resources",
            "Training",
            "Culture",
            "Headquarters",
            "Eco-friendly"
        ]
    }
]
