[
    {
        "id": "digitalSTROM",
        "name": "digitalSTROM",
        "country": "digitalSTROM",
        "description": "The digitalSTROM firm offers a smart home connectivity service that integrates electrical appliances in a network of hardware and software. ",
        "decisiontask": "The firm generates and tracks customer data such as consumption of water and energy, status information (on/off, working/not working, open/closed, home/away) or data with short-term relevance (did someone ring the doorbell?).  This information is typically presented in charts or graphs, but that information lacks real interpretation of what it really means.  The challenge for the company is determining how to present the collected data to customers in terms of practically measurable impacts.  ",
        "aisolution": "digitalSTROM applied the Automated Insights Wordsmith natural language generation platform to represent customer data in personalized reports in written and audio formats.  Customers receive the reports through an app which enables them to make knowledge requests about the status and energy usage in their homes.  Customers ask their smartphones about energy consumption usage in their homes on a particular day through the digitalSTROM app.  The app would then gather data relevant to the question and send input to the Wordsmith platform, which would then generate a summary that is read-out aloud or shown to the customer.",
        "aiapplication": "Personalized system manuals for home appliances can be generated based on customer data like troubleshooting methods already tried, the appliances and devices in the house, the kind of smartphone the customer uses, geographic location, etc.  Essentially, this would translate to a dynamic and personal manual for each customer which would provide contextually accurate information.  No quantifiable results are available for this implementation.",
        "industry": 4,
        "urlVideo": "",
        "imageCredit": "None",
        "price": 3,
        "size": 3,
        "snowDepth": 1,
        "elevation": 1,
        "runs": 1,
        "highlights": [
            "Human-Resources",
            "Training",
            "Culture",
            "Headquarters",
            "Eco-friendly"
        ]
    }
]
