[
    {
        "id": "clearscope",
        "name": "Clearscope",
        "country": "Clearscope",
        "description": "Mushi Labs, the parent company of Clearscope, began as a search engine optimization (SEO) consulting firm.",
        "decisiontask": "To help its customers create better-performing, highly relevant content with less effort, Clearscope wanted to create a product that could automate the previously manual content optimization process.  The real work of SEO optimization is not only identifying what its customers need to do to make their content highly relevant for potential readers, but also to make it easy to take those actions effectively.  Content that ranks high in online searches does more than make a reader want to share, click, or read it.  High-ranking content provides more specific information based on the reader’s search that engages the reader more than a competitor’s content and keeps the reader engaged for longer periods of time.  Mushi Labs wanted to create a product that could help automate the content optimization process.",
        "aisolution": "Clearscope utilizes a robust natural language processing application of IBM Watson services to automate search engine optimization.  Clearscope wants to remove the manual effort involved in analyzing its customers’ web content to help them achieve higher search rankings with less effort.  It used the IBM Watson service and IBM Watson Natural Language Understanding software to analyze the top-performing pieces of content and provide actionable recommendations to help customers create highly relevant content in less time.\n\nThe Clearscope product helps customers analyze high-performing content and identify actionable recommendations on relevant terms, word count, readability and content type.  The Watson service provides a set of natural language processing capabilities that analyzes content to extract metadata such as concepts, entities and keywords.  Clearscope uses the Watson Natural Language Understanding service in three ways to analyze top content and advise customers how to improve their content.  First, when determining the top 30 pieces of content for any given keyword, the Watson service performs document extraction, removing any irrelevant web page components, such as sidebars, footers and navigation bars.  Next, the Watson service extracts all of the concepts that are relevant to the keyword.  Finally, the service scores each concept on salience, or how important each one is to improving search ranking.",
        "aiapplication": "Clearscope customers achieved a 52 percent increase in organic traffic to content it optimized through Clearscope by following the tool's recommendations.  With such a successful product, Clearscope has grown its business rapidly generating half a million in annual revenue.  The results show 52% increase in organic traffic to content of one of its customers using the solution, 42% month-over-month increase in organic search traffic for another Clearscope customer, and 15% month-over-month revenue growth for Clearscope after developing the solution.",
        "industry": 4,
        "urlVideo": "https://cdnapisec.kaltura.com//p/1773841/sp/177384100/embedIframeJs/uiconf_id/40084712/partner_id/1773841?iframeembed=true&playerId=kaltura_player&entry_id=1_njxgh8lc&widget_id=1_6t73uw7i",
        "imageCredit": "None",
        "price": 3,
        "size": 3,
        "snowDepth": 1,
        "elevation": 1,
        "runs": 1,
        "highlights": [
            "Human-Resources",
            "Training",
            "Culture",
            "Headquarters",
            "Eco-friendly"
        ]
    },
    {
        "id": "influential",
        "name": "Influential",
        "country": "Influential",
        "description": "Influential is in the business of helping brands, publishers and ad agencies create social media ad and sponsored posts that outperform organic content.",
        "decisiontask": "The firm tries to achieve high level of engagement for clients as its chosen influencers help brands resonate with consumers.  Although it’s known that influencer marketing can help drive brand sales, there are concerns about fake likes and comments on social platforms.  Influential’s task is to overcome these objections and develop a system that matches brands with ideal influencers.",
        "aisolution": "Influential develops Social Intelligence platforms ensuring that a particular influencer can support a brand’s message and determine whether the demographics are cost effective.  Influential chooses the right influencers by leveraging augmented intelligence and machine learning for effective influencer selection.  Influential utilizes three IBM Watson APIs that include Personality Insights, Natural Language Understanding, and Language Translator.  Influential’s platform works with 25,000 influencers reaching billions of followers.  The firm applies AI to large blocks of unstructured data to help brands identify their audience, profile and personality as perceived on social media.  To match brands with effective influencers, Watson APIs analyze an influencer’s last 22,000 words posted on Twitter, Instagram, Facebook, YouTube, and elsewhere.  The psychographic analysis identifies 47 personality traits, from altruistic to adventurous, and pinpoints the sentiments within those words.  The analyses help to predict the outcome of influencer campaigns before they happen, transforming influencer marketing into a credible media channel.",
        "aiapplication": "The AI-driven platform provides insights that help Influential to predict whether an influencer will authentically resonate with the voice of a brand, event or campaign.  Even if such resonance exists, there’s a need for brand safety.  Natural Language analysis can identify profane content and scandals that might damage a brand’s image.  A well-matched brand and influencer lifts sentiment and overall engagement.  Watson’s analysis of all the tweets, posts, engagements and video views across social platforms helps assess a brand’s share of voice versus the competition and can increase sales.  The AI-driven system can secure brand safety and vastly improve marketing decisions.",
        "industry": 4,
        "urlVideo": "https://cdnapisec.kaltura.com//p/1773841/sp/177384100/embedIframeJs/uiconf_id/40084712/partner_id/1773841?iframeembed=true&playerId=kaltura_player&entry_id=1_bc9wbyo1&widget_id=1_ve8wl96a",
        "imageCredit": "Ben Koorengevel",
        "price": 3,
        "size": 3,
        "snowDepth": 155,
        "elevation": 3230,
        "runs": 335,
        "highlights": [
            "Human-Resources",
            "Training",
            "Culture",
            "Headquarters",
            "Eco-friendly"
        ]
    }
]
