[
    {
        "id": "wisdom-tree",
        "name": "Wisdom Tree",
        "country": "Wisdom-Tree",
        "description": "As an asset management company, Wisdom Tree is in the business of designing and distributing investment products. ",
        "decisiontask": "To sell its products, the firm works through intermediaries – financial advisors, retail wealth platforms, and institutional investors – rather than selling directly to consumers.  While this approach provides a distribution efficiency perspective, the firm is removed from the final decision-making process of consumers.  For the firm growth, Wisdom Tree needs to target over 260,000 financial advisors in the U.S. with a relatively small distribution team.  The firm needs a roadmap to guide the team and manage the financial professionals through optimization to determine which advisers to target and how to best reach them. ",
        "aisolution": "Wisdom Tree needs to deliver the right message to the right target advisors.  For this purpose, Wisdom Tree built an AI powered lead prioritization system based on the IBM Watson Personality Insights service.  The firm utilized a machine learning model that sets priorities for the firm’s distribution team to follow.  The model’s basic principle is that patterns of past interactions yield reliable insights into what works best.  These records of interaction include all the conversations that the distribution team has had with advisors, including whom the conversation was with, what was discussed, and the mode of contact.  In each case, the quality of the interaction is rated within the model along a scale from positive to negative.  When applied to thousands of interactions, the predictive patterns emerge. The model is enhanced by adding marketing data from the CRM system.",
        "aiapplication": "The AI powered model provides the distribution team more accurate information regarding to whom they should be talking and what the messages should be.  The AI solution makes the Wisdom Tree’s distribution outreach efforts into a tight and efficient process.  The firm’s ability to prioritize which leads to focus on increased efficiency and identification of the optimal messaging.  This combination of better targeting and message optimization ultimately has led us to engage more effectively with investors.",
        "industry": 4,
        "urlVideo": "https://cdnapisec.kaltura.com//p/1773841/sp/177384100/embedIframeJs/uiconf_id/40084712/partner_id/1773841?iframeembed=true&playerId=kaltura_player&entry_id=1_6l4chloh&widget_id=1_yescwx8a",
        "imageCredit": "None",
        "price": 3,
        "size": 3,
        "snowDepth": 1,
        "elevation": 1,
        "runs": 1,
        "highlights": [
            "Human-Resources",
            "Training",
            "Culture",
            "Headquarters",
            "Eco-friendly"
        ]
    }
]
