[
    {
        "id": "caffe-nero",
        "name": "Caffe Nero",
        "country": "Caffe-Nero",
        "description": "",
        "decisiontask": "",
        "aisolution": "",
        "aiapplication": "The AI powered solution system also provides the ability to segment the firm’s customers and deliver relevant, and real time value in the firm’s marketing communications.  The new system results in a 70 percent email open rate among registered card holders, significantly driving offline purchases.  These email open rates are showing a high level of engagement amongst this group, and we’re genuinely starting to see communications translating into physical visits.  Its results show that 68 percent of customers receiving personalized, relevant emails buy a coffee within the week.",
        "industry": 4,
        "urlVideo": "https://cdnapisec.kaltura.com//p/1773841/sp/177384100/embedIframeJs/uiconf_id/40084712/partner_id/1773841?iframeembed=true&playerId=kaltura_player&entry_id=1_njxgh8lc&widget_id=1_6t73uw7i",
        "imageCredit": "None",
        "price": 3,
        "size": 3,
        "snowDepth": 1,
        "elevation": 1,
        "runs": 1,
        "highlights": [
            "Human-Resources",
            "Training",
            "Culture",
            "Headquarters",
            "Eco-friendly"
        ]
    },
    {
        "id": "autoglass",
        "name": "Autoglass",
        "country": "Autoglass",
        "description": "Autoglass® BodyRepair, a Belron brand offers mobile repair of vehicles with accident damage such as dings, dents and scratches.",
        "decisiontask": "Autoglass is manually assessing customers’ vehicle damage to generate quotes, a process that was time consuming and also prevented the company from providing an online digital solution.  On average, 260 people visit the Autoglass® BodyRepair website daily to request quotes.  A team of three damage advisors examines photos that customers sent in through a portal or via email.  They assess the vehicle damage and generate repair quotes from what they can see and by reading the damage notes on the system.  The process can take an hour or up to a couple of days.  The firm needs to make the process of quoting as efficient and hassle free for the customer as possible.",
        "aisolution": "Autoglass wants to use visual recognition capabilities to identify types of damage, such as scratches, dents, bumps and scuffs.  Autoglass applies the IBM Watson Visual Recognition service to its website, eliminating the need to manually assess customers’ vehicle damage and generate quotes.  Autoglass spent six months training the Watson service, searching through nearly 50,000 images of different types of vehicle damage to select the best images to use.  After training, the team spent just four months developing and deploying the solution.\n\nCustomers simply upload images of their vehicle damage on the website and enter some basic details about themselves and the vehicle.  The IBM Watson service uses a library of roughly 2,000 images to analyze and organize customer photos based on four classifiers: type of vehicle, mobile repairable, product code and technician.  From these findings it is then able to determine repair costs.  The solution automatically scrutinizes and organizes customers’ uploaded images based on custom classifiers and uses its findings to automatically recommend a repair price.  If they meet the requirements, the Watson service issues a quote.  The system categorizes the damage using one of 12 product codes related to the type of damage, such as a scratch, dent or a big dent.  For each classifier, the system generates a score that reflects its confidence in its analyses of the images.  In turn, those scores are measured against each classifier’s threshold, or how confident the company is that the classification is right without having to forward the request to the damage advisors, as set by Autoglass.  Customers can then book a service time and enter credit card details to facilitate payment after the business makes the repairs.  When the service cannot calculate a quote, the company contacts the customer back and determines costs using the normal process.",
        "aiapplication": "Autoglass is the first in its industry to use AI to provide customers with auto repair quotes.  The outcome is that the quotes are generated faster giving damage advisors more time to perform higher-value work.  The solution makes the overall quotation process more efficient resulting in a 70 percent or more improvement in processing time by pricing a repair without any human intervention supporting human decision-making with AI analyses.  Autoglass advisors can handle fewer but more complex claims, ensuring that they are using their skills in the best possible way.  The solution also increases efficiency of the quote generation process by supporting human decision-making with AI analyses.",
        "industry": 4,
        "urlVideo": "https://cdnapisec.kaltura.com//p/1773841/sp/177384100/embedIframeJs/uiconf_id/40084712/partner_id/1773841?iframeembed=true&playerId=kaltura_player&entry_id=1_bc9wbyo1&widget_id=1_ve8wl96a",
        "imageCredit": "Ben Koorengevel",
        "price": 3,
        "size": 3,
        "snowDepth": 155,
        "elevation": 3230,
        "runs": 335,
        "highlights": [
            "Human-Resources",
            "Training",
            "Culture",
            "Headquarters",
            "Eco-friendly"
        ]
    }
]
