[
    {
        "id": "belle-tire",
        "name": "Belle Tire",
        "country": "Belle-Tire",
        "description": "An auto service firm, Belle Tire has a unique goal of nurturing customer loyalty through many products with long-life spans measured in years, not months.  When customers come in with their vehicle, they may not return for an extended period of time because of the long lifecycles of its products.  Belle Tire has the challenging task of gaining deeper insight into the needs and preferences of its customers.",
        "decisiontask": "Although Belle Tire has rich data on customer purchase histories, the firm does not have a practical way of harnessing this data.  The firm adopts generic, catch-all email campaigns instead of a high level of personalized service on its digital channel.  This caused Belle Tire to use the same voucher code for every recipient for a discount campaign.  Belle Tire has limited control over pricing and limited campaign success as the firm cannot provide customized product offerings of many different types of products and services with particular brands.  After gaining insights into their customers as individuals, Belle Tire could deliver the right message at the right time to the right customers.  To achieve this goal, Belle Tire adopts a fresh approach utilizing AI.",
        "aisolution": "Belle Tire builds a lasting engagement approach using AI powered segmentation for targeted and personalized email campaigns.  AI powered segmentation allows firms to implement a micro-segmentation strategy.  Micro-segmentation uses machine learning to automatically create and present micro-segments and determine the optimized strategy.  AI algorithms utilize various data sources, analyze data, and auto generate micro-segments, and generate message and offer variants.\n\nWith AI powered segmentation, Belle Tire can design and execute targeted campaigns with unique offers for each recipient, tailored based on individual behavior.  Belle Tire adopts IBM Watson Campaign Automation with IBM Weather FX™ to gain insight into customer purchase behavior.  They can reach out to their customers with targeted offers.  IBM Watson Campaign Automation is a SaaS-based, AI powered solution that empowers marketers to deliver engaging customer communications across email, SMS and social channels.\n\nWith the implementation of the AI powered segmentation, Belle Tire can automatically suppress promotions to customers who purchased new tires for a defined period after the transaction, or target personalized messages with offers relevant to their most recent purchase.  Belle Tire can use AI and predictive analytics to drill down into the firm’s big data and gain a deeper understanding of its customers’ needs.  Belle Tire offers a unique coupon code based on the customer record and dynamically adds the code to the email repeatedly.",
        "aiapplication": "Belle Tire’s AI powered segmentation and loyalty campaigns deliver significant return on investment (ROI) with better-targeted email campaigns and higher redemption rate for personalized coupon codes.  With the micro-segmentation strategy of reaching out with targeted content to smaller segments of the firm’s customers, Belle Tire achieves an average ROI for the firm’s CRM campaigns of 6.5:1 generating significant incremental revenues.\n\nBelle Tire can gain competitiveness and nurture long-term customer loyalty with the automated approach to customer engagement on the digital channel.  Belle Tire can deliver more relevant, timely and compelling communications to smaller micro-segments.  Currently, Bell Tire is building automated follow-up campaigns as well as automated welcome campaigns to further enhance customer loyalty efforts.  They are also trying to increase personalized outreach by infusing hyper-local weather triggers into its email campaigns using IBM Weather FX.  Belle Tire analyzes behavioral data in near-real time and surfaces AI powered insights and recommendations for engagement, predicted attrition and customer lifetime value.",
        "industry": 4,
        "urlVideo": " ",
        "imageCredit": "None",
        "price": 3,
        "size": 3,
        "snowDepth": 1,
        "elevation": 1,
        "runs": 1,
        "highlights": [
            "Human-Resources",
            "Training",
            "Culture",
            "Headquarters",
            "Eco-friendly"
        ]
    }
]
